﻿Designator,Footprint,Quantity,Value,LCSC Part #
"C1, C10, C11, C12, C18, C2, C25, C26, C27, C28, C29, C3, C30, C37, C39, C4, C40, C44, C45, C46, C7, C9",0603,22,100nF,
"C13, C15, C16, C17, C34, C36, C43",0603,7,1uF,
"C14, C19, C20, C21, C22, C23, C24",0603,7,10nF,
C31,0603,1,330pF,
C32,0603,1,47nF,
"C33, C8",0603,2,10uF,
C35,0603,1,2.2uF,
C38,CP_EIA-6032-28_Kemet-C,1,100uF,
C41,0603,1,0*,
C42,0603,1,1nF,
"C5, C6",0603,2,22pF,
"D1, D3, D4, D5",0603,4,LED,
"D10, D12, D14, D16, D6, D8",0603,6,LED_RED,
"D11, D13, D15, D17, D7, D9",D_SOD-323,6,D_Zener 9.1V,
D18,D_SMB,1,D_TVS,
D2,SOT-23,1,PESD2CAN.215,
D20,D_SOD-123,1,D_Schottky,
F1,1206,1,Polyfuse,
"F3, F4",0154001.DRT,2,Fuse,
FB1,0603,1,Ferrite_Bead_Small,
"FB2, FB3",0603,2,60R@100MHz,
J1,USB-C_Receptacle_GCT_USB4145-03-0070-C,1,USB-C_GCT_USB4145-03-0070-C,USB4145-03-0070-C
J11,JST_XH_B7B-XH-A_1x07_P2.50mm_Vertical,1,Conn_01x07_Female,
J2,AS214-97PN,1,Conn_01x12_Male,
J4,CellPad,1,Battery+,
J5,CellPad,1,Battery-,
J6,JST_XH_B9B-XH-A_1x09_P2.50mm_Vertical,1,Conn_01x09_Female,
J7,FTSH-107-XX-YYY-DV-K-A,1,FTSH,
JP2,SolderJumper-2_P1.3mm_Open_TrianglePad1.0x1.5mm,1,CAN_terminanion_jumper,
L1,0603,1,10u,
L2,L_7.3x7.3_H4.5,1,22u,
LTC68101,LTC6810,1,LTC6810-2,
Q1,SOT-23,1,BC846,
Q10,SOT-23,1,BSS138,
"Q11, Q12, Q8, Q9",Vishay_PowerPAK_1212-8_Single,4,SiSS05DN,
"Q2, Q3, Q4, Q5, Q6, Q7",SOT-23,6,ZXMN3F30FHTA,
"R1, R7",0603,2,100k,
"R10, R11, R19, R25, R30, R35, R40, R45, R50, R59, R61",0603,11,100,
"R12, R51, R52, R53, R54, R55, R56, R60, R62, R63, R64",0603,11,10k,
"R13, R14, R8, R9",0603,4,30,
"R15, R24, R29, R34, R39, R44, R49, R67",0603,8,1k,
"R16, R17, R18, R20",0603,4,2.2k,
"R2, R3, R5, R6",0603,4,470,
"R21, R22, R26, R27, R31, R32, R36, R37, R41, R42, R46, R47",2512,12,10,
"R23, R28, R33, R38, R43, R48",0603,6,330,
R4,0603,1,120,
R57,0603,1,88.7k,
R58,0603,1,22.1k,
R65,0603,1,20k,
R66,0603,1,2.7k,
R68,0603,1,2k,
"R69, R70",0603,2,5.1k,
SW1,SW_SPST_B3U-1000P,1,SW_Push,
U1,LQFP-64_10x10mm_P0.5mm,1,STM32L4P5RET6,
U2,TSOT-23-5,1,LD3985M33R_TSOT23,
U3,Texas_HSOP-8-1EP_3.9x4.9mm_P1.27mm_ThermalVias,1,LMR23610,
U4,SOIC-8_3.9x4.9mm_P1.27mm,1,ATA6561-GAQW-N,
U5,SOIC-8_3.9x4.9mm_P1.27mm,1,ACHS-7123,
Y1,Crystal_SMD_3225-4Pin_3.2x2.5mm,1,Crystal,
